city;region_id;country;region;ngo_id;ngo_name
Dakar;11;Senegal;Western Africa;10572627; African Business Women Organization Senegal
MARADI;11;Niger;Western Africa;10590876; ONG  WARAKA
Sakumono-Tema;11;Ghana;Western Africa;10522618; Rural Education and Development Programme
Abuja;11;Nigeria;Western Africa;10131;A New Nigeria (ANN)
Accra;11;Ghana;Western Africa;10574581;A Step Foundation
Sunyani;11;Ghana;Western Africa;10572655;Abaawah Hagar Saah Memorial Foundation
Ojuelegba;11;Nigeria;Western Africa;10593077;Access to Human Right & Justice Initiative
Umuahia-4244001;11;Nigeria;Western Africa;10584303;Achara Ihechiowa Network Forum [AINF]
ILE IFE;11;Nigeria;Western Africa;10571869;Action Against Poverty in Africa
Lomé;11;Togo;Western Africa;10589954;Action Charité et Développement
Santrokofi-Bume;11;Ghana;Western Africa;10576101;Active Centre for Rural Development(ACRUDEV)
Ikorodu;11;Nigeria;Western Africa;10593402;ADC Research Network (A subsidiary of registered Power Of Miracle Ministries) 
Ouagadougou;11;Burkina Faso;Western Africa;10581528;ADESCKA
ACCRA;11;Ghana;Western Africa;10588190;ADROE GLOBAL FOUNDATION FOR HUMANITY
Agege;11;Lagos;Western Africa;10585321;Africa Farming Project
Lagos;11;Nigeria;Western Africa;10577973;Africa Farming Project
Freetown;11;Sierra Leone;Western Africa;10591489;Africa Youth For Pecae and Development
Cotonou;11;Benin;Western Africa;1122;Africa-Cultures
bidjan;11;Cote d'Ivoire;Western Africa;10573176;AFRICAM
Garland;11;Liberia;Western Africa;10588211;African Charities Inc
Lagos;11;Nigeria;Western Africa;10579320;African Enterprises Foundation
Abuja;11;Nigeria;Western Africa;10582430;African Entreprenuerial & Human Development Initiatives (AEDI)
Alakuko;11;Nigeria;Western Africa;10590077;African Foundation For Human Advancement
SUNYANI;11;Ghana;Western Africa;10576958;African Media Aid
Sunyani;11;Ghana;Western Africa;10577489;African Media Aid
Accra NORTH;11;Ghana;Western Africa;1938;African Network for the Development of Ecological Agriculture
Adenta-Madina;11;Accra;Western Africa;10588354;African Poverty Alleviantes
OSU - ACCRA;11;Ghana;Western Africa;10574938;African Rural Development Movement (ARUDMO)
Accra;11;Ghana;Western Africa;10588292;African Scientist Society
Accra;11;Ghana;Western Africa;10133;African-American Lung Association
Iddo local govt area;11;Nigeria;Western Africa;10590956;Agbekoya Parapo Farmers and Hunters Association of nigeria
Lawra UWR;11;Ghana;Western Africa;10577860;Aged Concern Foundation
Enugu;11;Nigeria;Western Africa;10572906;Agent of Communication and Development
ACCRA;11;Ghana;Western Africa;10576898;Aid for Humanity Ghana
Kaduna;11;Nigeria;Western Africa;10575077;AID Foundation
Kumasi;11;Ghana;Western Africa;10590083;Ako Verde International
Accra;11;Ghana;Western Africa;10521643;Akwapim Mountains Women Forum
Accra;11;Ghana;Western Africa;10575684;All Youth Farmers International
Lome;11;Togo;Western Africa;1518;Alliance Toglaise pour l''Aide aux Pauvres et aux Necessiteux (O.N.G - ATA)
Conakry;11;Guinea;Western Africa;10575888;Amis de la Santé
Nsawam;11;Ghana;Western Africa;10582075;Amniel International
Nsawam;11;Ghana;Western Africa;10592299;AMPA Resource Organization
Nsawam;11;Ghana;Western Africa;10574981;AMPA Resources Foundation
Sunyani;11;Ghana;Western Africa;10589076;Anane Institute
Port Harcourt;11;Nigeria;Western Africa;17466;Anedian Group Community Development Facilitators
Weija;11;Ghana;Western Africa;10590092;Appomense Hope For Africa
Accra;11;Ghana;Western Africa;10588729;Appomense Hope For Africa Foundation
Federal Capital Territory;11;Nigeria;Western Africa;10524058;Arts For Behavioural Change Foundation (ABCF)
HARPER;11;Liberia;Western Africa;10574482;Assistance for Providing Aid
Fada N'Gourma;11;Burkina Faso;Western Africa;10575964;Association d'Appui et de Promotion Rurale du Gulmu (APRG)
Dakar;11;Senegal;Western Africa;29;Association de Recherchche Quest Africaine (AROA)
Cotonou;11;Benin;Western Africa;10591293;Association des jeunes volontaires pour le développement durable
Lokossa;11;Benin;Western Africa;1525;Association Internationale Des Jeunes Pour Le Progres Et Le Developpement (AIJPD)
Abidjan;11;Cote d'Ivoire;Western Africa;10588540;Association Jeunesse et Enfants de Côte d'Ivoire
Accra;11;Ghana;Western Africa;10575258;Association of African Women in Development (AAWID)
Nouakchott;11;Mauritania;Western Africa;10579520;Association Pour le Developement et de la Promotion des Droits Humains
Guediawaye;11;Senegal;Western Africa;10290;Association Senegalaise de Ami du Sahel (A.S.A.S.)
Kpalimé;11;Togo;Western Africa;10592899;Association Togolaise d'Etude de Recherche et d'Appui au Développement Humain Durable 
Atakpamé;11;Togo;Western Africa;10585098;"Association""Initiatives pour le Développement Durable et Prospectives (IDDP)"""
Monrovia;11;Liberia;Western Africa;10578815;B & T Associate & Orphanage
Nouakchott;11;Mauritania;Western Africa;10575230;Banlieues Du Monde Mauritanie
Nouakchott;11;Mauritania;Western Africa;10573902;Banlieues Du Monde Mauritanie
Abeokuta;11;Nigeria;Western Africa;10575901;Barmanas Trust International
Magodo;11;Nigeria;Western Africa;10582523;Basic Solution Network for the Displace and Socially Distressed Center
Zaria;11;Nigeria;Western Africa;10581669;Beekeeping Extension Society
lagos;11;Nigeria;Western Africa;10588676;bensla moral foundation
Kadjebi;11;Ghana;Western Africa;10523257;Better Life Organization (BELO)
Yenagoa;11;Nigeria;Western Africa;10589107;Betty Trust Memorial Foundation
amanfrom;11;Ghana;Western Africa;10571513;Billy Farms
Ho;11;Ghana;Western Africa;10577593;Blue-Med Africa
Calabar;11;Nigeria;Western Africa;10583129;Bobby Grace Foundation
Egbeda;11;Nigeria;Western Africa;10575158;Brand Nigeria
Ikeja;11;Nigeria;Western Africa;10582349;Cafus Obed Foundation
Isheri;11;Nigeria;Western Africa;10589286;Capacity Building Network
HO;11;Ghana;Western Africa;10576184;Care and Concern for Humanity
Port-Harcourt;11;Nigeria;Western Africa;10590967;Care and Development Centre (CADEC)
Maiduguri;11;Nigeria;Western Africa;10575644;Care Collaboration
BOHICON;11;Benin;Western Africa;10583973;Cbdiba-ong
karu Site;11;Abuja;Western Africa;10578711;CCLP Worldwide - Nigeria
Akim Oda;11;Ghana;Western Africa;10477;Celestial Investments Human Development Association
Agona Swedru;11;Ghana;Western Africa;10578384;Center for Affirmative Aid Movement
Eziama;11;Nigeria;Western Africa;10581598;Center for Poverty Reduction & Community Development (C-PORCDEV)
Federal Capital Territory;11;Nigeria;Western Africa;10578766;Center for Public Enlightenment & Civic Education
Freetown;11;Sierra Leone;Western Africa;18326;Center for Research, Training and Programme Development, Sierra Leone (CRTPD)
Ikorodu;11;Nigeria;Western Africa;10578918;Center for Sustainable Development in Agriculture
owerri;11;Nigeria;Western Africa;10591513;center for sustainable development strategy
Cape Coast;11;Ghana;Western Africa;136;Central and Western Fishmongers (CEWEFIA)
Cotonou;11;Benin;Western Africa;1029;Centre Beninois de Development Familial et Social (CBDFS)
Dakar;11;Senegal;Western Africa;10522235;Centre de Recherches et de Promotion pour la Sauvegarde des Sites et Monuments Historiques en Afriqu
Accra;11;Ghana;Western Africa;10577386;Centre for Agricultual Research and Development
Abuja;11;Nigeria;Western Africa;10577723;Centre For Climate Change and Environmental Study
IBADAN;11;Nigeria;Western Africa;10376;Centre for Community Development (CENCOMDEV)
Agege;11;Nigeria;Western Africa;10575812;Centre for Conflict Resolution (Nigeria)
Owerri;11;;Western Africa;10577023;Centre For Development Strategy
Garki FCT;11;Nigeria;Western Africa;10588465;Centre for Gender Empowerment 
PORT HARCOURT;11;Nigeria;Western Africa;10577032;Centre for Human Development & Social Transformation
Aba;11;Nigeria;Western Africa;19170;Centre for Integrated Development Initiatives (CIDI)
Abuja;11;Nigeria;Western Africa;10581348;Centre for Land Rights & Environmental Development
Abuja;11;Nigeria;Western Africa;10578824;Centre for Land Rights & Environmental Development
Sokoto;11;Nigeria;Western Africa;17236;Centre For People's Health Peace And Progress 3Ps
Saki;11;Nigeria;Western Africa;10576474;Centre for Rural Health and Development
Ibadan;11;Nigeria;Western Africa;10576428;Centre for Urban Action and Development
Kaduna;11;Nigeria;Western Africa;10582532;Centre for Water and Environment Development (CWED)
Accra;11;Ghana;Western Africa;10574124;CFG International
Accra;11;Ghana;Western Africa;10531849;Challenging Heights
Cantoments;11;Ghana;Western Africa;10578373;Charity Trust Organization
Adawso-Akua Pem;11;Ghana;Western Africa;10489;Child Educational Assistance Project (CEAP)
Freetown;11;Sierra Leone;Western Africa;10576570;ChildHelp Sierra Leone
Gbawa;11;Ghana;Western Africa;10585309;Christ Cares For The Needy Foundation
Accra;11;Ghana;Western Africa;10581070;Christendom Relief and Development
Jos;11;Nigeria;Western Africa;10571187;Christian Rural and Urban Development  Association of Nigeria (CRUDAN)
Kwabenya;11;- Accra;Western Africa;10523090;City Environmental Organisation (CEF)
Accra;11;Ghana;Western Africa;10179;Clean World Organization
Cape Coast;11;Ghana;Western Africa;10588126;CMG Empowerment Ghana
Dakar/Fenn;11;Senegal;Western Africa;10292;Collectif Des Associations et Region Permanent de Femmes du Senegal (CARFemmes)
Abuja;11;Nigeria;Western Africa;10584044;Committed Advocates for Sustainable Development and Youth Advancement, (CASDYA)
Kete Krachi;11;Ghana;Western Africa;10575262;Common Action for Rural Devlopment
AGONA SWEDRU;11;Ghana;Western Africa;10573535;Communities Forestry and Social Development Organization (COFOSODE)
Kano;11;Nigeria;Western Africa;10578111;Community Development Initiatives (CDI)
Ebute - Metta;11;Nigeria;Western Africa;10522208;Community Empowerment Organisation
Gusau;11;Nigeria;Western Africa;10583651;Community Enlightenment and Development Initiative
Kaduna;11;Nigeria;Western Africa;18220;Community Mobilisation and Awareness Group (COMAG)
Owerri;11;Nigeria;Western Africa;10576339;Community Outreach Development and Empowerment Centre (CODEC)
Ho;11;Ghana;Western Africa;10539;Community Radio Network (CORANET)
Accra;11;Ghana;Western Africa;10579996;Community Rescue Organisation
Monrovia;11;Liberia;Western Africa;10590913;Concern Aid International (CAI)
koforidua;11;Ghana;Western Africa;10574781;Corpus Christi Foundation Ghana
Bakau;11;Gambia;Western Africa;10583340;Creative Minds Foundation.The Gambia
Accra;11;Ghana;Western Africa;10583097;Dacarm Mission
Lagos;11;Nigeria;Western Africa;10576463;Daniel Fola Biotechnology Foundation
Enugu;11;Nigeria;Western Africa;10593034;Daniel Iroegbu Global Dental Health Care Foundation
Lagos;11;Nigeria;Western Africa;10584557;Daniel Ogec (DOAMF)hi Akujobi Memorial Foundation 
Nyanya;11;Nigeria;Western Africa;10587948;De-Likeminds Brothers
Accra;11;Ghana;Western Africa;10588280;Defence Against AIDS,Poverty and Underdevelopment
Ado-Ekiti;11;Nigeria;Western Africa;10585119;Delightsome Oaks Mission
Port Harcourt;11;Nigeria;Western Africa;10578375;Development and Leadership Institute (DLI)
Enugu;11;Nigeria;Western Africa;10589307;Development Education and Advocacy Resources for Africa Initiative (DEAR Africa)
Abuja;11;Nigeria;Western Africa;10582533;Development Empowerment and Awareness Centre
Lafiaji;11;Nigeria;Western Africa;10576506;Development Support Institute Ltd/GTE
Kaneshie - Accra;11;Ghana;Western Africa;10588368;Disabled and Vulnerable
Ota;11;Nigeria;Western Africa;10588494;Divine Heart Medical Initiative 
Assin Foso;11;Ghana;Western Africa;10582454;Dolly Foundation
Tamale;11;Ghana;Western Africa;10140;Donyaepa  (Development and Environmental Protection Organisation)
Accra City;11;Ghana;Western Africa;10579228;Dr. Ekom Foundation for African Development Intl. (DEFFAD INTL) 
Ho;11;Ghana;Western Africa;10574669;Dream Africa Volunteer Service
Surulere;11;Nigeria;Western Africa;10577983;DRILL - Developing Resourceful, Impactful, Lively Leaders
Abuja;11;Nigeria;Western Africa;10575081;Dunns Rural Industrialization Programme (DRIP)
Jos/ Plateau/Adamawa;11;Nigeria;Western Africa;17770;DUVAE'
Sekondi - Takoradi;11;Ghana;Western Africa;10575198;Eagle's Eye Charity Foundation
Ikola Ipaja Lagos;11;Nigeria;Western Africa;10583220;Eagles Wing LIfe Builders Ministry International
Accra;11;Ghana;Western Africa;19059;Earth Volunteers
Accra;11;Ghana;Western Africa;10474;Eden Conservation Society
Agona swedru;11;Ghana;Western Africa;10588607;Edigo Foundation
Accra;11;Ghana;Western Africa;10521478;Education and Health Development Trust
Kasoa;11;C/R Ghana;Western Africa;10581948;Eeresong Ghana-Self Initiative Self Reliance
Conakry;11;Guinea;Western Africa;10693;Entreprise Agricole et Protection de l'Environnement (EAPE)
Accra;11;Ghana;Western Africa;10587943;Environment of Hope (EoHope)
Calabar;11;Nigeria;Western Africa;10636;Environmental Development Initiative
Asawasi-Kumasi;11;Ghana;Western Africa;605;Environmental Protection Association of Ghana (EPAG)
Abeokuta;11;Nigeria;Western Africa;10588946;Ewekoro progressive forum
Ozoro;11;Isoko North I.G.A.;Western Africa;10576202;Excellent World Foundation
Accra;11;Ghana;Western Africa;10585373;Exit Poverty Ghana
Accra;11;Ghana;Western Africa;10592992;Face Africa, Ghana
Tema;11;Ghana;Western Africa;10587931;Faith Association Of Rehabilitation of Street Children and Orphans (FARSO)
Teshie;11;Ghana;Western Africa;10521598;Family Focus International
Asaba;11;Nigeria;Western Africa;10573414;Family Hope Association
Ibadan;11;Nigeria;Western Africa;10261;Family Unity for Sustainable Development Foundation (FUSD)
Tamale;11;Ghana;Western Africa;10592806;Farms Initiative Ghana
Ilorin;11;Nigeria;Western Africa;10571379;Farsar Rural Succour and Care Foundation
Dakar;11;Senegal;Western Africa;10520918;FEDERATION DES JEUNES POUR LA PAIX MONDIALE ET LES VALEURS MORALES
Seobar-Sehghor;11;Senegal;Western Africa;10293;Federation Senegalaise of Club UNESCO
Cotonou;11;Benin;Western Africa;10591224;Feed needs bénin
Ofankor;11;Accra;Western Africa;10574127;Focus on Civic Education (FCE)
Enugu;11;Nigeria;Western Africa;10521455;Foundation for African Development through International Biotechnology
Lagos;11;Nigeria;Western Africa;10577436;Foundation for Civic Advocacy in Africa - The Advocate
Owerri;11;Nigeria;Western Africa;10575776;Foundation for Healthy Environment and Human Development (FHEHD)
Monrovia;11;Liberia;Western Africa;10588692;Foundation for Human Rights and Democracy (FOHRD)
Ibadan;11;Nigeria;Western Africa;10579640;Foundation For Integrated Rural And Urban Development
Serekunda;11;Gambia;Western Africa;10579842;Foundation For Integrated Rural and Urban Development (FIRUD)
ACCRA;11;Ghana;Western Africa;10572485;Foundation for International Human Development & Environmental Studies
Agona Ahanta;11;Ghana;Western Africa;10588871;Foundation for Rural and Agriculture Development (FoRADev)
Sokoto;11;Nigeria;Western Africa;10588613;Foundation for the Restoration of the Girl-Child
Accra;11;Ghana;Western Africa;10581036;Free Africa Foundation
Banjul;11;Gambia;Western Africa;10575204;Freedom Camp International (FCI)
Kpele Adeta;11;Togo;Western Africa;10382;Frères Agriculteurs et Artisans pour le Développement (FAGAD)
FCT;11;Nigeria;Western Africa;10580405;Fresh & Young Brains Development Initiative
FCT;11;Nigeria;Western Africa;10578625;Fresh & Young Brains Development Initiative, Abuja
Lagos;11;Nigeria;Western Africa;10574331;Friends for Development 
PORT-HARCOURT;11;Nigeria;Western Africa;10574399;Friends for the Preservation of the Niger Delta Environment (FEPEN)
Accra;11;Ghana;Western Africa;585;Friends of Christ Relief Agency (FOCRA)
Accra;11;Ghana;Western Africa;10589927;Frontier Evangelistic Mission
Lagos;11;Nigeria;Western Africa;10573296;Future Hope Foundation of Nigeria
Tema;11;Ghana;Western Africa;10584534;G&G Help The Child Foundation
Abuja;11;Nigeria;Western Africa;10592495;Gas to Health Initiative (GTHI)
Abuja;11;Nigeria;Western Africa;10592496;Gas to Health Initiative (GTHI)
Accra;11;Ghana;Western Africa;17261;Gate of Hope Foundation (GAHOF)
Lagos;11;Nigeria;Western Africa;10577435;Gatekeepers Youth Initiative
Abuja;11;Nigeria;Western Africa;19183;Gender and Development Initiatives (GDI) Nigeria
Aba;11;Nigeria;Western Africa;10574517;Gender and Environmental Development Foundation (GEDEF)
Osogbo;11;Nigeria;Western Africa;10593070;Generation Foundation
Koforidua;11;E/R;Western Africa;10576797;Genesis of Intercultural and Learning Exchange
Accra;11;Ghana;Western Africa;179;Ghana Association of Private Voluntary Organizations in Development (GAPVOD)
Accra;11;Ghana;Western Africa;200;Ghana Foundation of Human Development
Winneba .;11;Ghana;Western Africa;10495;Ghana Kind Voluntary Movement
Owerri;11;Nigeria;Western Africa;10572440;Global Advancement Initiatives (GAI)
Kenyasi 2 B/A;11;Ghana;Western Africa;10591387;Global Alliance for Development Foundation(GADeF)
Ugbowo;11;Benin City;Western Africa;10581558;Global Educational Initiative For Nigeria (GEIFON)
Monrovia;11;Liberia;Western Africa;10593452;Global Emergency Trust
Nyanyano-Central;11;Ghana;Western Africa;10574913;Global Fire Evangelistic Ministries
Tema;11;Ghana;Western Africa;10587932;Global Green Environental Network
EFFURUN;11;Nigeria;Western Africa;10572692;Global Initiative for Sustainable Development
Sunyani;11;Ghana;Western Africa;10584037;Global Media Foundation
SALTPOND;11;Ghana;Western Africa;10579394;Global Protective and Prevension System
Warri;11;Nigeria;Western Africa;10524088;Global Safety and Relief Foundation Inc.
OWERRI;11;Nigeria;Western Africa;10572055;Global Units
Accra;11;Ghana;Western Africa;10593378;Global Youth in Environmental Sustenance (G-YES)
Acccra;11;Ghana;Western Africa;10574600;Glorious Vision International Ministry
Adidome;11;Ghana;Western Africa;10580869;Good Shepherds International Education Foundation (GSIEF) 
Accra;11;Ghana;Western Africa;10579438;Goodman Care Foundation
Owerri;11;Nigeria;Western Africa;10582757;Goodwash Foundation for Health and Environmental Protection
Parakou;11;Benin;Western Africa;10592327;Grade ONG
Ikeja;11;Nigeria;Western Africa;10590912;Grand Youth Foundation
Uromi;11;Nigeria;Western Africa;10578627;Grassroot Democratic Performance and Human Rights Foundation 
Calabar;11;Nigeria;Western Africa;11436;Grassroots Development Organisation(GRADO)
Enugu;11;Nigeria;Western Africa;10523888;Grassroots Healthcare Foundation
Monrovia;11;Liberia;Western Africa;10589029;Green Cities Liberia Inc
Accra North;11;Ghana;Western Africa;4146;Green Earth Organization
Kaduna;11;Nigeria;Western Africa;10580705;Green Mobilisation Initiative(GMI)
Berekum-Sunyani;11;Ghana;Western Africa;10578787;Green WaterHut
Abuja;11;Nigeria;Western Africa;10521584;Greenfields 2000 International (Gf2000)
This;11;Senegal;Western Africa;10577332;Groupe de Recherche et d'Action pour le Développement Endogène (GRADE)
Conakry;11;Guinea;Western Africa;10522849;Guinean Organization for Environmental Protection
Gunjuur Kombo South District;11;Gambia;Western Africa;10584191;Gunjur Environmental Protection And Development Group (GEPADG)
Freetown;11;Sierra Leone;Western Africa;10592839;Hagancatwright Organization
Lashibi- Accra;11;Ghana;Western Africa;10573142;Hatof Foundation
Ilorin;11;Nigeria;Western Africa;10578101;Health Actions Concerning the Environment and You (HACEY)
Paynesville (Monrovia);11;Liberia;Western Africa;10593484;HEAPIDER-Concern, Inc.
COTONOU;11;Benin;Western Africa;10592160;Heart Of World (HOW)
Kumasi;11;Ghana;Western Africa;10572518;Heinemann Voluntary Aid Organization
Warri;11;Nigeria;Western Africa;10521369;Help Them Foundation
EBUTE METTA LAGOS;11;Nigeria;Western Africa;10572087;Heritage Nigeria
Kaduna;11;Nigeria;Western Africa;10571380;HOPe Africa 
Jamasi;11;Ghana;Western Africa;10588950;Hope And Love Volunteers
East-Legon;11;Ghana;Western Africa;10573285;Hope for Africa Network
Abuja;11;Nigeria;Western Africa;17259;Hope Interactive
Agona-Swedru;11;Ghana;Western Africa;478;Human and Environmental Provision Organization (HEPO)
Banjul;11;Gambia;Western Africa;10574676;Human Concern
Port Harcourt;11;;Western Africa;10575785;Human Orientaiton Movement for Environment (HOME)
Port Harcourt;11;Nigeria;Western Africa;10574930;Human Orientation Movement for Environment (HOME)
Surulere;11;Nigeria;Western Africa;10521827;Human Rights & Juctice Group International
Surulere;11;Nigeria;Western Africa;10574262;Human Rights and Justice Group International
Lagos;11;Nigeria;Western Africa;10575089;Human Rights Information Network (HuRINet)
Maryland;11;Nigeria;Western Africa;10587891;Human Rights Liberation and Development Initiatives
Gbagada;11;Nigeria;Western Africa;10588275;Humanitarian Voluntary Association for Community Development(HuVaCoD
Abidjan;11;Cote d'Ivoire;Western Africa;10579120;Humanité Vivante Cote D Ivoire
Buchanan City;11;Liberia;Western Africa;10581992;Humanity Initiative
Accra;11;Ghana;Western Africa;391;Humanity-Aid, Ghana
Abuja;11;Nigeria;Western Africa;10592384;Imperative Initiative for Motivation of Global Care
lagos;11;Nigeria;Western Africa;10572184;Incorporated Trustees Osita Nwa Jide Rural Folks Foundation
Freetown;11;Sierra Leone;Western Africa;10522384;Independent Youth Forum
Warri;11;Nigeria;Western Africa;10573926;Initiative for Community Development
Wuse Zone 5;11;Nigeria;Western Africa;10579501;Initiative for Empowerment and Development in Niger Delta
Ugep;11;Nigeria;Western Africa;10583967;Initiative for Peoples' Good Health (IPGH)
Abuja;11;Nigeria;Western Africa;10589851;Initiative Inventive for mother and child 
ABUJA;11;Nigeria;Western Africa;10589504;INITIATIVE ON EDUCATION FOR GLOBAL GROWTH
Calabar;11;Nigeria;Western Africa;17464;Initiatives Development Now (IDN)
Cotonou;11;Benin;Western Africa;1124;Institut Pazcov Afrique (IPAFRIQUE)
Enugu;11;Nigeria;Western Africa;18221;Institute for New Leaders (INL)
Accra;11;Ghana;Western Africa;10483;Institute of Cultural Affairs, Ghana
Uyo;11;Nigeria;Western Africa;10563;Institute of Work and Society
Accra;11;Ghana;Western Africa;178;Interlove International
Lagos;11;Nigeria;Western Africa;10523417;International Cultural Youth Exchange (ICYE) Nigeria
Accra;11;Ghana;Western Africa;10589868;International Foundation for Africa Human Resource Development
P.O. Box 20077  ABA;11;Nigeria;Western Africa;19522;International Lifecare Foundation
Abuja;11;Nigeria;Western Africa;10581733;International Noble Initiative Club
Abuja;11;Nigeria;Western Africa;10581644;Jeffan Humanity Foundation (JHF)
Ikeja;11;Nigeria;Western Africa;10587871;Jerubaal's Peace Foundation
Lome;11;Togo;Western Africa;10521859;Jeunes Volontaires pour l'Environnement
Dutse;11;Nigeria;Western Africa;10575051;Jigawa Youth Vanguard
Warri;11;Nigeria;Western Africa;10582294;JIMENO Foundation
Dutse;11;Nigeria;Western Africa;10575050;Jogawa Youth Vanguard
ABIDJAN;11;Cote d'Ivoire;Western Africa;10590379;JOIDVENS
Ekpoma;11;Nigeria;Western Africa;10590638;Josémaria Escrivia Foundation 
Abuja;11;Nigeria;Western Africa;10585014;Jude Ifesemen Foundation
East Dangbe;11;Ghana;Western Africa;10591326;Junir  Art  Club (JAC)
Pitche;11;Guinea-Bissau;Western Africa;10581311;Kile - Pitche
Osogbo;11;Nigeria;Western Africa;10579165;Kingdom Seekers World Out-reach Ministries
Enugu;11;Nigeria;Western Africa;10579361;Knowledge and Policy Management Initiative (KAPOMI)
ACCRA;11;Ghana;Western Africa;10575699;Komoya Foundation
Accra;11;Ghana;Western Africa;10522810;Kraban Support Foundation
KANO;11;Nigeria;Western Africa;10571813;Kunezy Youth Forum
Accra;11;Ghana;Western Africa;10577065;Kush Productions (6 seconds world)
Kumasi;11;Ghana;Western Africa;10581293;Kyidom Foundation
Kumasi;11;Ghana;Western Africa;10581218;Kyidom Foundation
Oshodi;11;Nigeria;Western Africa;10579795;Lead Inspiration Network Nigeria (LIN)
Accra;11;Ghana;Western Africa;224;Learning Helping Living
Abidjan;11;Cote d'Ivoire;Western Africa;10588825;Les Familles et Environnement Restaurés
Bingerville;11;Cote d'Ivoire;Western Africa;10579213;Les Familles et Environnement Restaurés ( LESFERES)
Patnesville;11;Liberia;Western Africa;10589276;Libera International and National Stuents Asociation (LINSA)
Ekpoma;11;Nigeria;Western Africa;10522932;Liberation alliance for Change
Monrovia;11;Liberia;Western Africa;10578355;Liberia Center for Environmental Diplomacy
Paynesville City;11;Liberia;Western Africa;10577393;Liberians Associated for National Development (LAND)
Tema;11;Ghana;Western Africa;11437;Liberty Movement Organisation
Tema;11;Ghana;Western Africa;10575034;LIberty MOvement Organization
Calabar;11;Nigeria;Western Africa;10574274;Life Empowerment Foundation
Port Harcourt;11;Nigeria;Western Africa;10575001;Life Intervention Project (LIP)
New Lashibi;11;Accra;Western Africa;10572788;Lifeline Foundation
Monrovia;11;Liberia;Western Africa;10590027;Lifespan Liberia
Gadumo Village;11;Lokoja;Western Africa;10580056;Lift Up Care  Foundation (LUCAF)
Garki;11;Nigeria;Western Africa;10584715;Local & General Agricultural Development Foundation (LOGADEF)
Cotonou;11;Benin;Western Africa;10588662;Luttons Ensemble pour le Changement et le Développement de l'Afrique (LECDA)
Lome;11;Togo;Western Africa;10573150;Magnificat Environment Association
Lomé;11;Togo;Western Africa;10588128;Maison de l'Espérance pour les Enfants Déshérités (MEED)
Okinni;11;Nigeria;Western Africa;10579915;Mankind Solidarity Front
Frankadua;11;Ghana;Western Africa;10579418;Mawuena Women's Help International
Jos;11;Nigeria;Western Africa;10576456;Medai Network on HIV/AIDS and Development (MedNAD) Nigeria 
Accra;11;Ghana;Western Africa;10574619;Megan Foundation
Tori Bossito;11;Benin;Western Africa;10578006;Monde-vie-Liberte (MVL)
Kaduna;11;Nigeria;Western Africa;10571927;Mother Care Forum
Accra;11;Ghana;Western Africa;10576850;Mother of All Nations Foundation
Madina -Accra;11;Ghana;Western Africa;10581266;Mother of All Nations Foundation
ACCRA;11;Ghana;Western Africa;10582111;Mothers Aura Foundation (Ghana)
Sunyani-Brong-Aharo Region;11;Ghana;Western Africa;10493;Mount Horeb Glory Ministries 
Freetown;11;Sierra Leone;Western Africa;10577298;Movement Against Poverty-Sierra Leone (MAP-SL)
Korle-Gonno;11;Ghana;Western Africa;10593023;Movement for Development of Korle-Gonno
Glover Addo Road;11;Korle-Gonno;Western Africa;10585345;Movement for Development of Korle-Gonno (MODEK)
Freetown;11;Sierra Leone;Western Africa;10581310;Musa Soko
Suhum E/R;11;Ghana;Western Africa;10481;Muslim Development Organization, Suhum
Asawasi-Kumasi;11;Ghana;Western Africa;10161;Muslim Family Counseling Services (MFCS)
Niger State;11;Nigeria;Western Africa;10584279;Muslim Youths Association for Grassroots Orientation (Muyafgo)
Freetown;11;Sierra Leone;Western Africa;10581867;My Own Children International
Pynessvillie City;11;Liberia;Western Africa;10582201;National Evangelical Christian Association Liberia
Accra;11;Ghana;Western Africa;10592616;Network for Community Plaaning and Development (NECPADS)
Freetown;11;Sierra Leone;Western Africa;10591478;Network For Wanword (NGO)
Accra;11;Ghana;Western Africa;10583252;Network For Youth In Action
Lagos;11;Nigeria;Western Africa;10523342;Network of Concerned Professionals
Lome;11;Togo;Western Africa;10522231;New World (Terre Nouvelle)
Lomé;11;Togo;Western Africa;10590336;NGO ACTION ET INITIATIVES AUX PROGRAMMES DE DEVELOPPEMENT
Nouakchott;11;Mauritania;Western Africa;10592652;NGO Biladi
COTONOU;11;Benin;Western Africa;10590230;Ngo rescue and hope
GAGNOA;11;Cote d'Ivoire;Western Africa;10574384;NGO SOCIETE ET VIE
Port-Harcourt;11;Nigeria;Western Africa;10564;Niger Delta Neighborhood Link
Port Harcourt;11;Nigeria;Western Africa;17458;Niger Delta Peace Initiative
Port Harcourt;11;Nigeria;Western Africa;10520920;Niger Delta Research Centre
Makurdi;11;Nigeria;Western Africa;10523943;Nigeria Youth Organization
Kaduna;11;Nigeria;Western Africa;10580538;Nigerian Association of Non governmental Organisations(NANGO)
LAGOS;11;Nigeria;Western Africa;10572445;Nigerian Youth Environmental Network (NYEN)
Port-Harcourt;11;Nigeria;Western Africa;10576175;Noble Women In Development Movement 
Ibadan;11;Nigeria;Western Africa;10522067;North South Development
Asesewa;11;Ghana;Western Africa;10575060;Nubians Renewal Organisation
TEMA;11;Ghana;Western Africa;10576193;Nubians Renewal Organization
Accra;11;Ghana;Western Africa;10582493;Oak Foundation 
Bori-Ogoni;11;Nigeria;Western Africa;10574999;Ogoni Solidarity Forum, Nigeria
Accra;11;Ghana;Western Africa;150;Olof Palme Peace Foundation, Ghana
Lagos;11;Nigeria;Western Africa;10583241;Olukunle Oluwole Foundation
Warri;11;Nigeria;Western Africa;10588419;One love community development and promotion peace initiative
Accra;11;Ghana;Western Africa;18147;One Tach Hunger Solutions
Ketu - Shangisha;11;Nigeria;Western Africa;17690;One World
LOME;11;Togo;Western Africa;10582510;ONG  Action and Initiatives for Development Programmes (AIPD)
Abomey calavi;11;Benin;Western Africa;10590028;ONG  AYIDONAME Environnement  propre
Abomey Calavi;11;Benin;Western Africa;10592978;ONG ADES
Koutiala;11;Mali;Western Africa;10585009;ONG Association pour le Développement Actif et Participatif  (ADAP)
Ville de Porto-Novo;11;Benin;Western Africa;10588669;ONG BENIN ALAFIA en abrégée '' ONG BÉA ''
Cotonou;11;Benin;Western Africa;10590246;ONG BIEN ETRE ET DEVELOPEMENT 
Abidjan;11;Cote d'Ivoire;Western Africa;10572522;Ong Ensemble Pour Une Societe Juste 
Cotonou;11;Benin;Western Africa;10522715;ONG ESE-Bnin
Abidjan;11;Cote d'Ivoire;Western Africa;10579119;ONG le Monde Rural
Cotonou;11;Benin;Western Africa;211;Organisation Beninoise Pour Le Bien-Etre Et La Nutrition
Lagos;11;Nigeria;Western Africa;17379;Organisation for Research of World Peace (ORWP)
Abidjan;11;Cote d'Ivoire;Western Africa;10581095;Organisation Non Gouvernementale Toileci
cotonou;11;Benin;Western Africa;10588721;organisation pour la protection et le développement de l'humanité(OPDH:ONG)
Cotonou;11;Benin;Western Africa;17161;Organization Beninoise Pour Le Bien Et Tre Et la Nutrition (OBN)
Accra;11;Ghana;Western Africa;10589717;Our Needs Foundation
ABUJA;11;Nigeria;Western Africa;10589017;PAN AFRICAN NGOs CONSORTIUM ON AGRICULTURAL RESEARCH FOR DEVELOPMENT - PANGOC
Offinso;11;Ghana;Western Africa;10579441;Partners in Development Int.
Owerri;11;Nigeria;Western Africa;10575981;Patriotic Parliament International (PPI)
Nanka;11;Nigeria;Western Africa;10593090;Peace Advocacy and Sustainable Development Outreach (PASDO)
Uyo;11;Nigeria;Western Africa;17465;Peace, Knowledge, Growth and Love Foundation (PEKGLOF)
LAGOS;11;Nigeria;Western Africa;10573968;People to People International - Nigeria
Abuja;11;Nigeria;Western Africa;10589900;Perfect House of Friends
New Abirem;11;Ghana;Western Africa;10583297;Plight of the Child International
Conakry;11;Guinea;Western Africa;10521721;Point Focal de la Droit de l'Homme et de l'Education Civique-PFDDHEC
Ile-Ife;11;Nigeria;Western Africa;10590024;Population Welfare and Empowerment Foundation (POWEF)
ACCRA- MALLAM;11;Ghana;Western Africa;10573342;Power Vision Medical Centre
Maitama;11;Nigeria;Western Africa;10573685;Praise Ify Isichei Foundation (P.I.I.F.)
Accra;11;Ghana;Western Africa;10522626;Present  Generation  Moral  Foundation
Accra;11;Ghana;Western Africa;10573069;Present Generation Moral Foundation
Accra;11;Ghana;Western Africa;10485;PRESERVE
Accra;11;Ghana;Western Africa;10580889;Prime Care Network
Jalingo;11;Nigeria;Western Africa;10579264;Prisonaid
P.O.Box GP 1161;11;Accra;Western Africa;10499;Prodigy International Productions Association (PIPA)
Serekunda;11;Gambia;Western Africa;10578157;Project Food First
Savalou;11;Benin;Western Africa;1007;Protection De L''Environnement Et De L''Homme, Benin (PEH)
Accra;11;Ghana;Western Africa;10578367;Prudent Partnership International
Makurd;11;Nigeria;Western Africa;19042;Quality Development and Management Resource Centre (QDMRC)
Ibadan;11;Nigeria;Western Africa;10581730;Quality Life Foundation
Ipaja;11;Nigeria;Western Africa;10579513;Race For life Developmemt Foundation
Accra;11;Ghana;Western Africa;10520869;RAFT International
Greater Accra;11;Ghana;Western Africa;10581682;Rainforest Action Network Ghana
Accra;11;Ghana;Western Africa;10502;Rescue Youth Voluntary Organisation
Abidjan;11;Cote d'Ivoire;Western Africa;10592159;Réseau d'Entraide des Jeunesses Citoyennes (REJEC)
Accra;11;Ghana;Western Africa;10578860;Richbone Initiative Foundation
Agbor;11;Nigeria;Western Africa;10577316;Royal Emeg Foundation
TEMA;11;Ghana;Western Africa;10572732;Rural Action for the Poor
Accra;11;Ghana;Western Africa;10500;Rural Aid & Environmental Survival International 
Ngor Okpala;11;Nigeria;Western Africa;10581769;Rural Aid Women Youths Community Initiative Association 
Monrovia;11;Liberia;Western Africa;10583668;Rural Community Development and Agriculture Services
Kumasi;11;Ghana;Western Africa;3640;Rural Development Support Organization
Orofia Abagana Njikoka;11;Nigeria;Western Africa;17467;Rural Organization for Development Action (RODA)
Abuja;11;Nigeria;Western Africa;10588887;Rural Package Community Development Initiative
Lagos;11;Nigeria;Western Africa;10577752;Rural Urban Helpers Foundation
Accra;11;Ghana;Western Africa;10581172;Rural Urban Partnership for Africa (RUPFA)
Accra;11;Ghana;Western Africa;49;Safe Motherhood Organization
Lagos;11;Nigeria;Western Africa;10576798;Safetower International Organization
Akoase-Nkawkaw;11;Ghana;Western Africa;10589386;Safety First
Enugu;11;Nigeria;Western Africa;10577104;Safety Support Development Center (SASUDEC)
Owerri;11;Nigeria;Western Africa;10590108;Sagre Foundation (SAGREF)
Accra;11;Ghana;Western Africa;18874;Salvage
Lome;11;Togo;Western Africa;10576716;SASD-Afrique
Zaria;11;Nigeria;Western Africa;10524083;Savannah Resource Foundation
Accra;11;Ghana;Western Africa;10522497;Save The World (STW)
Lagos;11;Nigeria;Western Africa;10574595;Save Visions Africa
Akure;11;Nigeria;Western Africa;10590904;Second Chance People's Foundation
Abuja;11;Nigeria;Western Africa;10588933;Securing Our Future Today Health (SOFT-H) Foundation
Kaneshie-Accra;11;Ghana;Western Africa;10571382;Seeds 4 African Relief Agency
Achimota-Accra;11;Ghana;Western Africa;10578773;Self-help Initiative Support Services (SISS)
Abuja;11;Nigeria;Western Africa;10575014;Senior Citizens Welfare Advocacy (SCIWAD)
Port Harcourt;11;Nigeria;Western Africa;10590895;Serendipity Help Foundation (SHF)
Katsina;11;Nigeria;Western Africa;10576279;Service to Humanity Foundation
Tema;11;Ghana;Western Africa;10521538;Shape Lives Foundation
Bamako;11;Mali;Western Africa;10581619;Siguida Kanu
Kumasi;11;Ghana;Western Africa;10577926;Sincere Seekers Foundation
Accra;11;Ghana;Western Africa;10523465;Social Advancement Volunteers of Ghana
Accra North;11;Ghana;Western Africa;10492;Social and Environmental Sanitation Awareness Club (SESAC)
Abeokuta;11;Nigeria;Western Africa;10566624;Social Justice International
Otukpo;11;Nigeria;Western Africa;10576137;Society for Life and Human Development Inititiative
Accra North;11;Ghana;Western Africa;10497;Society for the Welfare of the Rural People (SWORP)
Abomey-Calavi;11;Benin;Western Africa;10588660;Solidarité Action Entraide ( SAE BENIN MONDE )
Port Harcourt;11;Nigeria;Western Africa;10521289;Soul Partners Foundation
Abidjan;11;Cote d'Ivoire;Western Africa;10573460;Source De Vie
Ho;11;Ghana;Western Africa;10522132;Strength of Women Foundation
Freetown;11;Sierra Leone;Western Africa;10521188;Student and Youth Travel Organisation Sierra Leone (SYTO Salone)
Maiduguri;11;Nigeria;Western Africa;10575813;Sukul Community Development Association (SCODA)
Ohaji/Egbema;11;Nigeria;Western Africa;10592622;Support for African Indigents and Youth Development (SAIYD)
Amizi Ikwuano;11;Nigeria;Western Africa;10573030;Support Home of God (SuhoG) Project
OPOLO YENaGOA;11;Nigeria;Western Africa;10581010;SYNERGYCaRE INITIATIVE
tema;11;Ghana;Western Africa;10579780;Tafari Groundational Outernational
Benin City;11;Nigeria;Western Africa;10575126;Talented Youths International, Nigeria
Jos;11;Nigeria;Western Africa;17715;Taroh Foundation
Lome;11;Togo;Western Africa;10571434;Terre Nouvelle
Surulere;11;Nigeria;Western Africa;10572380;The Earth Caretaker Society
Port Harcourt;11;Nigeria;Western Africa;17711;The G-39 Humanity Development Synergy
Atebubu;11;Ghana;Western Africa;10581032;The HEE Foundation
Mankessim;11;Ghana;Western Africa;10588141;The Home For Youth Development Organization
Owerri;11;Nigeria;Western Africa;10581005;The Smallholders Foundation
Monrovia;11;Liberia;Western Africa;10572751;The World Destitute Rescue International (WODRI), Inc
Lekki;11;Nigeria;Western Africa;10590060;Tokunbo Tejupsho Foundation
Dline Port Harcourt;11;Nigeria;Western Africa;10576307;Touch a Life Foundation
Port Harcourt;11;Nigeria;Western Africa;10575786;Touch-A-Life Foundation 
Port-Harcourt;11;Nigeria;Western Africa;10576106;TransBorder Missionaries Interface Initiative
Hohoe;11;Ghana;Western Africa;10588718;Transform Ghana NGO (TG)
Ikorodu Road.;11;Nigeria;Western Africa;10581775;Treasureland Health Builders
Accra;11;Ghana;Western Africa;10585149;Trees For Development
Benin City;11;Nigeria;Western Africa;10571520;Tresimsports Int'l
Accra;11;Ghana;Western Africa;17157;True Freedom Organisation
Kano;11;Nigeria;Western Africa;10578107;TUCCAN Foundation
Dakar;11;Senegal;Western Africa;10780;UCJG/YMCA-SENEGAL
ABUJA;11;Nigeria;Western Africa;19195;unesco centre nigeria
Ibadan;11;Nigeria;Western Africa;10584666;Unicorn Academics and Organization Developmental Research Centre
Cape Coast;11;Ghana;Western Africa;10480;Unik Programme for Ghana Youth
Cotonou;11;Benin;Western Africa;638;Unite Pour L'Assainissement et la Gestion de L'Environnement (UPAGE) 
Accra;11;Ghana;Western Africa;10578318;United Actions, Ghana
Accra;11;Ghana;Western Africa;10575911;United Way Ghana
Banjul;11;Gambia;Western Africa;18160;Uniting Bond of Peace and Culture (UBPC)
Akim-Oda;11;Ghana;Western Africa;10591386;Universal United Youth Organization (UUY)
Aba;11;Nigeria;Western Africa;10590965;VICTIMS OF CRISIS AID SOCIETY (VOCAS)
KWABENG;11;Ghana;Western Africa;10578722;Village Oriented Development Programme (V.O.D.P)
Lom;11;Togo;Western Africa;10522094;Volontaire Globalisation (V-Glob) - Togo
Accra;11;Ghana;Western Africa;10578219;Volunteer Corps Organisation
accra;11;Ghana;Western Africa;10572413;Volunteer Corps Organization
Pokuase;11;Ghana;Western Africa;10576035;Volunteer Partnerships for West Africa
Mampong;11;Ghana;Western Africa;10782;Volunteers for Development International
Port Harcourt;11;Nigeria;Western Africa;10592161;Wakirike Development Coalition
Kaduna;11;Nigeria;Western Africa;10580427;Watcher Media Services Ent.
Ibadan;11;Nigeria;Western Africa;10589005;Water Initiatives Nigeria
Sango Ota;11;Nigeria;Western Africa;10523278;Welfarewatch International
Accra;11;Ghana;Western Africa;10581410;West Africa Centre for Peace Foundation
UYO;11;Nigeria;Western Africa;10574666;Widows and Orphans Development Foundation (WODEF)
Monrovia;11;Liberia;Western Africa;10522682;Women & Children Development Organization (WOCHIDO)
Sunyani;11;Ghana;Western Africa;10494;Women Concern Foundation
Ikeja;11;Nigeria;Western Africa;10579403;Women Develoment International Association (WODIA)
Abuja;11;Nigeria;Western Africa;10586039;Women Environmental Programme
Lagos Island;11;Nigeria;Western Africa;10580519;Women Protection Organisation (WOPO)
Accra;11;Ghana;Western Africa;17391;World Association of Non-Governmental Organizations, Ghana Chapter
Benin;11;Nigeria;Western Africa;10522548;World Humanitarian Anchor Service Corp
Dansoman-Accra;11;Ghana;Western Africa;10575732;World Partners for Development
Ifako-Ijaiye;11;Nigeria;Western Africa;10587909;You-Care International Organisation
Accra;11;Ghana;Western Africa;10574306;Young Adult Organization of Ghana
Kumasi;11;Ghana;Western Africa;10588349;Young Peace Brigades
Achimota;11;Ghana;Western Africa;10580419;Young Professionals and Youth Coalition Initiative
Abuja;11;Nigeria;Western Africa;10522060;Your Environment and Health (YEAH)
Maitama;11;Nigeria;Western Africa;10592274;Youth Afrique Leadership Forum
Accra;11;Ghana;Western Africa;18297;Youth Aid Foundation
Nsawam;11;Ghana;Western Africa;10592298;Youth AID Initiative Ghana
Kaduna;11;Nigeria;Western Africa;10571909;Youth Awareness and Action Organization of Nigeria (YAAON)
Accra-North;11;Ghana;Western Africa;10496;Youth Challenge International (YCI)
P.O. Box 2796 Awka;11;Nigeria;Western Africa;10576303;Youth Development and Enlightenment Initiative
Abuja;11;Nigeria;Western Africa;10574185;Youth Federation for World Peace, Nigeria
Owerri;11;Nigeria;Western Africa;10522651;Youth for Technology Foundation (YTF)
Bolgatanga;11;Ghana;Western Africa;10522196;Youth Harvest Foundation Ghana
Uyo;11;Nigeria;Western Africa;10577459;Youth in Entrepreneurship and Leadership Development
Kaduna;11;Nigeria;Western Africa;10577496;Youth Initiative For Entrepreneurial Leadership And Development
Abuja;11;Nigeria;Western Africa;10573284;Youth Media & Communication Initiative
F C T;11;Nigeria;Western Africa;10593086;Youth Network for Peace Africa
Buchanan;11;Liberia;Western Africa;10588268;Youth Without Borders (YWB)
Paynesville City;11;Liberia;Western Africa;10588932;Zoe -Mah United Development Association
